Word,Keyword,CategoryL1
baby,Generic,Bathroom
childrens,Generic,Bathroom
non,Generic,Bathroom
bath,Specific,Bathroom
bathroom,Specific,Bathroom
countertop,Generic,Bathroom
lighted,Generic,Bathroom
nonslip,Generic,Bathroom
bathmats,Specific,Bathroom
bathtub,Specific,Bathroom
drain,Generic,Bathroom
splash,Generic,Bathroom
cosmetics,Generic,Bathroom
canisters,Generic,Bathroom
cup,Generic,Bathroom
dispensers,Generic,Bathroom
lotion,Generic,Bathroom
shower,Specific,Bathroom
soap,Generic,Bathroom
tissue,Generic,Bathroom
toilet,Generic,Bathroom
toothbrush,Generic,Bathroom
vanity,Generic,Bathroom
medicine,Generic,Bathroom
digital,Generic,Bathroom
mechanical,Generic,Bathroom
shower,Specific,Bathroom
showerheads,Specific,Bathroom
fixed,Generic,Bathroom
handqa,Generic,Bathroom
showerhead,Specific,Bathroom
toilet,Generic,Bathroom
towel,Specific,Bathroom
free,Generic,Bathroom
wall,Generic,Bathroom
mounted,Generic,Bathroom
towels,Specific,Bathroom
beach,Generic,Bathroom
fingertip,Generic,Bathroom
washcloths,Specific,Bathroom
sports,Generic,Bathroom
bathing,Specific,Bathroom
slip,Generic,Bathroom
linen,Generic,Bathroom
rugs,Generic,Bathroom
accessories,Generic,Bathroom
accessory,Generic,Bathroom
mirrors,Generic,Bathroom
appliques,Generic,Bathroom
valets,Generic,Bathroom
catches,Generic,Bathroom
stoppers,Generic,Bathroom
guards,Generic,Bathroom
organizers,Generic,Bathroom
trays,Generic,Bathroom
holders,Generic,Bathroom
dishes,Generic,Bathroom
paper,Generic,Bathroom
tumblers,Generic,Bathroom
cabinets,Generic,Bathroom
scales,Generic,Bathroom
caddies,Generic,Bathroom
radios,Generic,Bathroom
squeegees,Specific,Bathroom
curtain,Generic,Bathroom
curtains,Generic,Bathroom
held,Generic,Bathroom
body,Generic,Bathroom
water,Generic,Bathroom
brushes,Generic,Bathroom
lid,Generic,Bathroom
plungers,Generic,Bathroom
bars,Generic,Bathroom
racks,Generic,Bathroom
standing,Generic,Bathroom
rings,Generic,Bathroom
stands,Generic,Bathroom
warmers,Generic,Bathroom
waste,Generic,Bathroom
furniture,Generic,Bathroom
sheets,Generic,Bathroom
sets,Generic,Bathroom
fan,Generic,Bathroom
seats,Generic,Bathroom
safety,Generic,Bathroom
dryers,Generic,Bathroom
storage,Generic,Bathroom
stall,Generic,Bathroom
decorative,Generic,Bathroom
liners,Generic,Bathroom
rods,Generic,Bathroom
roller,Generic,Bathroom
sprayers,Specific,Bathroom
filters,Generic,Bathroom
covers,Generic,Bathroom
hooks,Generic,Bathroom
bins,Generic,Bathroom
shelves,Generic,Bathroom
mats,Generic,Bathroom
containers,Generic,Bathroom
balls,Generic,Bathroom
tank,Specific,Bathroom
tubs,Specific,Bathroom
bed,Specific,Bed
acid,Generic,Bed
body,Generic,Bed
hypoallergenic,Generic,Bed
leg,Generic,Bed
lumbar,Generic,Bed
maternity,Generic,Bed
neck,Generic,Bed
reading,Generic,Bed
snore,Generic,Bed
specialty,Generic,Bed
temperature,Generic,Bed
travel,Generic,Bed
bedding,Specific,Bed
comforter,Specific,Bed
down,Generic,Bed
mattress,Specific,Bed
sheet,Specific,Bed
twin,Generic,Bed
bedspreads,Specific,Bed
electric,Generic,Bed
throw,Generic,Bed
comforters,Specific,Bed
duvet,Specific,Bed
featherbed,Specific,Bed
water,Generic,Bed
feather,Generic,ID
baffled,Generic,Bed
pillow,Specific,Bed
quilt,Specific,Bed
fiberbeds,Specific,Bed
inflatable,Generic,Bed
childrens,Generic,Bed
slumber,Generic,Bed
fitted,Generic,Bed
foam,Generic,Bed
sofa,Generic,Bed
waterbed,Specific,Bed
nursery,Generic,Bed
bassinet,Generic,Bed
toddler,Generic,Bed
cradle,Generic,Bed
crib,Generic,Bed
baby,Generic,Bed
playard,Generic,Bed
quilts,Specific,Bed
pillowcases,Specific,Bed
pillowcase,Specific,Bed
sheets,Specific,Bed
flat,Generic,Bed
sports,Generic,Bed
pillows,Specific,Bed
reflux,Generic,Bed
positioner,Generic,Bed
relief,Generic,Bed
medical,Generic,Bed
control,Generic,Bed
in,Generic,Bed
accessories,Generic,Bed
elevators,Generic,Bed
pockets,Generic,Bed
skirt,Generic,Bed
clips,Generic,Bed
care,Generic,Bed
grippers,Generic,Bed
fasteners,Generic,Bed
collections,Generic,Bed
blankets,Specific,Bed
sets,Generic,Bed
cover,Generic,Bed
covers,Generic,Bed
resistant,Generic,Bed
beds,Specific,Bed
featherbeds,Specific,Bed
top,Generic,Bed
bags,Generic,Bed
pads,Generic,Bed
warming,Generic,Bed
bumpers,Generic,Bed
receiving,Generic,Bed
swaddling,Generic,Bed
insect,Generic,Bed
frame,Generic,Bed
skirts,Generic,Bed
shams,Generic,Bed
protectors,Generic,Bed
fan,Generic,Bed
pins,Generic,Bed
kits,Generic,Bed
bridges,Generic,Bed
inserts,Generic,Bed
products,Generic,Bed
product,Generic,Bed
pumps,Generic,Bed
netting,Generic,Bed
gift,Generic,Bed
coordinates,Generic,Bed
draperies,Generic,Bed
bedskirts,Specific,Bed
bag,Generic,Bed
sleepsacks,Generic,Bed
coverlets,Generic,Bed
fresh,Generic,ID
live,Generic,ID
artwork,Specific,ID
drawings,Specific,ID
chalk,Generic,ID
charcoal,Generic,ID
crayon,Generic,ID
ink,Generic,ID
pastels,Generic,ID
pencil,Generic,ID
printmaking,Generic,ID
etchings,Generic,ID
lithographic,Generic,ID
serigraphic,Generic,ID
woodcuts,Generic,ID
paintings,Specific,ID
acrylic,Generic,ID
mixed,Generic,ID
oil,Generic,ID
watercolor,Generic,ID
photographs,Generic,ID
ambrotypes,Specific,ID
daguerreotypes,Generic,ID
prints,Generic,ID
area,Generic,ID
braided,Generic,ID
color,Generic,ID
fireproof,Generic,ID
hand,Generic,ID
handmade,Generic,ID
machine,Generic,ID
rug,Specific,ID
runners,Generic,ID
stain,Generic,ID
artificial,Generic,ID
home,Generic,ID
magazine,Generic,ID
newspaper,Generic,ID
shelf,Generic,ID
stair,Generic,ID
candle,Generic,ID
replacement,Generic,ID
travel,Generic,ID
candleholders,Specific,ID
bowl,Generic,ID
candelabras,Generic,ID
candlestick,Generic,ID
decorative,Specific,ID
hurricane,Generic,ID
tea,Generic,ID
candles,Generic,ID
aromatherapy,Generic,ID
beeswax,Generic,ID
flameless,Generic,ID
floating,Generic,ID
fragrance,Generic,ID
jar,Generic,ID
multiple,Generic,ID
nonstandard,Generic,ID
pillars,Generic,ID
scented,Generic,ID
single,Generic,ID
birthday,Generic,ID
devotional,Generic,ID
hanukkah,Generic,ID
novelty,Generic,ID
seasonal,Generic,ID
taper,Generic,ID
unity,Generic,ID
votive,Generic,ID
salt,Generic,ID
clocks,Generic,ID
alarm,Generic,ID
electronic,Generic,ID
mechanical,Generic,ID
desk,Generic,ID
floor,Generic,ID
mantel,Generic,ID
cuckoo,Generic,ID
projection,Generic,ID
shower,Generic,ID
sundial,Generic,ID
weather,Generic,ID
wall,Generic,ID
throw,Generic,ID
doormats,Generic,ID
door,Generic,ID
fireplaces,Generic,ID
electric,Generic,ID
fireplace,Generic,ID
andirons,Generic,ID
chimney,Generic,ID
fire,Generic,ID
camping,Generic,ID
hearth,Generic,ID
log,Generic,ID
safety,Generic,ID
gas,Generic,ID
gel,Generic,ID
portable,Generic,ID
smokeless,Generic,ID
ventless,Generic,ID
coasters,Generic,ID
collectible,Generic,ID
commemorative,Generic,ID
corner,Generic,ID
jewelry,Generic,ID
perfume,Generic,ID
display,Generic,ID
mobiles,Generic,ID
musical,Generic,ID
sculptures,Specific,ID
bust,Specific,ID
head,Generic,ID
statues,Specific,ID
snow,Generic,ID
tassels,Generic,ID
free,Generic,ID
wooden,Generic,ID
wreaths,Generic,ID
fragrant,Generic,ID
incense,Generic,ID
light,Generic,ID
potpourris,Specific,ID
sachets,Generic,ID
aroma,Generic,ID
indoor,Generic,ID
fountain,Generic,ID
stonessea,Generic,ID
mister,Generic,ID
tabletop,Generic,ID
childrens,Generic,ID
lampshades,Generic,ID
mirrors,Generic,ID
bathroom,Generic,ID
countertop,Generic,ID
lighted,Generic,ID
handheld,Generic,ID
vanity,Generic,ID
nursery,Generic,ID
baby,Generic,ID
bronzed,Generic,ID
silver,Generic,ID
lamp,Generic,ID
photo,Generic,ID
acid,Generic,ID
bookshelf,Generic,ID
magnetic,Generic,ID
three,Generic,ID
wedding,Generic,ID
frames,Specific,ID
clip,Generic,ID
collage,Generic,ID
document,Generic,ID
picture,Generic,ID
poster,Specific,ID
frame,Specific,ID
key,Generic,ID
luxury,Generic,ID
panoramic,Generic,ID
shadow,Generic,ID
slipcovers,Generic,ID
armchair,Generic,ID
chair,Generic,ID
dining,Generic,ID
futon,Generic,ID
loveseat,Generic,ID
slipcover,Generic,ID
sofa,Generic,ID
stool,Generic,ID
table,Generic,ID
tapestries,Generic,ID
vase,Specific,ID
vases,Specific,ID
barometers,Generic,ID
hygrometers,Generic,ID
window,Generic,ID
cafe,Generic,ID
stained,Generic,ID
food,Generic,ID
pastry,Generic,ID
edible,Generic,ID
icing,Generic,ID
cake,Generic,ID
sports,Generic,ID
flowers,Specific,ID
cut,Generic,ID
flower,Generic,ID
media,Generic,ID
rugs,Generic,ID
bound,Generic,ID
knotted,Generic,ID
tufted,Generic,ID
made,Generic,ID
pads,Generic,ID
resistant,Generic,ID
plants,Generic,ID
fruits,Generic,ID
trees,Generic,ID
vegetables,Generic,ID
storage,Generic,ID
baskets,Generic,ID
accessories,Generic,ID
accessory,Generic,ID
drapescandle,Generic,ID
shaverscandle,Generic,ID
snuffers,Generic,ID
wickswick,Generic,ID
tins,Generic,ID
chandeliers,Specific,ID
lamps,Generic,ID
sconces,Generic,ID
holders,Generic,ID
wick,Generic,ID
shaped,Generic,ID
celebration,Generic,ID
lights,Generic,ID
sets,Generic,ID
holder,Generic,ID
clocksshelf,Generic,ID
clocksgrandfather,Generic,ID
monitor,Generic,ID
pillow,Generic,ID
pillows,Generic,ID
stops,Generic,ID
logs,Generic,ID
stoves,Generic,ID
bellows,Generic,ID
brooms,Generic,ID
brushes,Generic,ID
caps,Generic,ID
damper,Generic,ID
starters,Generic,ID
back,Generic,ID
fans,Generic,ID
fenders,Generic,ID
grates,Generic,ID
jamb,Generic,ID
stove,Generic,ID
screens,Generic,ID
carrierslog,Generic,ID
pokers,Generic,ID
pilot,Generic,ID
shovels,Generic,ID
tongs,Generic,ID
tool,Generic,ID
fuel,Generic,ID
decor,Specific,ID
ashtrays,Generic,ID
building,Generic,ID
buildings,Generic,ID
figurines,Specific,ID
vehicles,Generic,ID
plates,Generic,ID
shelves,Generic,ID
bookends,Generic,ID
bottles,Generic,ID
bowls,Generic,ID
boxes,Generic,ID
canes,Generic,ID
finials,Generic,ID
jars,Generic,ID
magnifying,Generic,ID
masks,Generic,ID
pitchers,Generic,ID
platters,Generic,ID
saucers,Generic,ID
signs,Generic,ID
tiles,Generic,ID
trays,Generic,ID
urns,Generic,ID
stands,Specific,ID
hanging,Specific,ID
plaques,Specific,ID
globes,Specific,ID
standing,Generic,ID
crosses,Generic,ID
pediments,Generic,ID
murals,Generic,ID
games,Generic,ID
drawer,Generic,ID
room,Generic,ID
bulb,Generic,ID
diffusers,Generic,ID
oils,Generic,ID
fountains,Generic,ID
algae,Generic,ID
pumps,Generic,ID
glass,Generic,ID
foggers,Generic,ID
furniture,Generic,ID
wastebaskets,Generic,ID
switch,Generic,ID
mounted,Generic,ID
basket,Generic,ID
night,Generic,ID
infant,Generic,ID
waste,Generic,ID
keepsake,Generic,ID
albums,Generic,ID
album,Generic,ID
ring,Generic,ID
framesdouble,Generic,ID
chain,Generic,ID
covers,Generic,ID
toppers,Generic,ID
fillers,Generic,ID
thermometers,Generic,ID
stations,Generic,ID
treatment,Generic,ID
curtain,Generic,ID
shutter,Generic,ID
treatments,Generic,ID
decorating,Specific,ID
bags,Generic,ID
printers,Generic,ID
printer,Generic,ID
coloring,Generic,ID
spatulas,Generic,ID
dispensersicing,Generic,ID
sculpting,Generic,ID
boxescupcake,Generic,ID
fan,Generic,ID
format,Generic,ID
bamboo,Generic,ID
bonsai,Specific,ID
house,Generic,ID
orchid,Generic,ID
cymbidium,Generic,ID
dendrobium,Generic,ID
oncidium,Generic,ID
phalaenopsis,Generic,ID
shadesdecorative,Generic,ID
wax,Generic,ID
trimmers,Generic,ID
lanterns,Specific,ID
inserts,Generic,ID
draft,Generic,ID
hooks,Generic,ID
kits,Generic,ID
gift,Generic,ID
glasses,Generic,ID
empty,Generic,ID
ornaments,Generic,ID
umbrella,Generic,ID
stickers,Generic,ID
products,Generic,ID
liners,Generic,ID
sprays,Generic,ID
rings,Generic,ID
bases,Generic,ID
shades,Generic,ID
linersnursery,Generic,ID
basesnursery,Generic,ID
sleep,Generic,ID
bins,Generic,ID
shoes,Generic,ID
christening,Generic,ID
boxesbaby,Generic,ID
rattles,Generic,ID
spoons,Generic,ID
archival,Generic,ID
binder,Generic,ID
hardware,Generic,ID
holdbacks,Generic,ID
rod,Generic,ID
dogs,Generic,ID
hinges,Generic,ID
swag,Generic,ID
rods,Generic,ID
combination,Generic,ID
dauphine,Generic,ID
double,Generic,ID
sash,Generic,ID
spring,Generic,ID
blindswindow,Generic,ID
balloon,Generic,ID
honeycomb,Generic,ID
horizontal,Generic,ID
pleated,Generic,ID
roller,Generic,ID
roman,Generic,ID
vertical,Generic,ID
curtainswindow,Generic,ID
panels,Generic,ID
scarves,Generic,ID
jabots,Generic,ID
shutters,Generic,ID
board,Generic,ID
louver,Specific,ID
panel,Generic,ID
tools,Generic,ID
paper,Generic,ID
tips,Generic,ID
stencils,Generic,ID
wrappers,Generic,ID
decals,Generic,ID
diploma,Generic,ID
carnation,Generic,ID
chrysanthemum,Generic,ID
daffodil,Generic,ID
daisy,Generic,ID
iris,Generic,ID
lily,Generic,ID
rose,Generic,ID
sunflower,Generic,ID
tulip,Generic,ID
plant,Generic,ID
sleeves,Generic,ID
removers,Generic,ID
stoppers,Generic,ID
packages,Generic,ID
dolls,Generic,ID
racks,Generic,ID
handles,Generic,ID
lampshadesnursery,Generic,ID
aids,Generic,ID
footprint,Generic,ID
page,Generic,ID
couplers,Generic,ID
tension,Generic,ID
blinds,Specific,ID
banners,Specific,ID
centerpieces,Specific,ID
wreathes,Generic,ID
makers,Generic,ID
draperies,Specific,ID
batten,Generic,ID
frosting,Generic,ID
curtains,Specific,ID
valances,Generic,ID
arrangements,Generic,ID
sheets,Generic,ID
bulb,Specific,Lighting
LED,Generic,Lighting
CFL,Specific,Lighting
tubelight,Specific,Lighting
watt,Generic,Lighting
battery,Generic,Lighting
lantern,specific,Lighting
lamp,specific,Lighting
torch,specific,Lighting
light,specific,Lighting
vince,specific,ID
vince,specific,Bed
vince,specific,Bathroom
